Category,Name,Material,Price,Image
Top,Retro Women's Knitted Halter Cowl Collar Sweater Vest,Cotton and Wool,200,https://drive.google.com/file/d/18dr1vO6kTfGUS5PXMG8D-WZvcFdjRHfz/view?usp=drive_link
Top ,Women's Solid Color Off-Shoulder Twist Design Short Sleeve Top,Cotton and Spandex,200,https://drive.google.com/file/d/1AgPOI0lZieDnL7PlD89j0hD1cFD2Ub6X/view?usp=drive_link
Top,Butterfly & Tie Dye Print Lettuce Trim Tee,Cotton,200,https://drive.google.com/file/d/19tXG73ev9JZWkPxgIwWH-LvtRO3xU6SM/view?usp=drive_link
Bottom ,Lounge Blue Striped Short,Cotton,250,https://drive.google.com/file/d/1ZyZOwka6TQs6BqRt4ENsZ-KW9OfD37j1/view?usp=drive_link
Bottom ,High Waisted Pink Denim Pants,Denim,600,https://drive.google.com/file/d/1qWjq5qBfCSEM8lo9IiUUkXTeqNRu-SKm/view?usp=drive_link
Bottom ,Purple Lounge Pants,Cotton,550,https://drive.google.com/file/d/1-Jcycn8VWdvxvm0__0AKBhzAmNuPbL54/view?usp=drive_link
Bag,White Shoulder Bag with Ruffles Handle,Vegan Leather,"1,500",https://drive.google.com/file/d/17gpTBsKFqeUdcqSf2VnYbkBUNTHDAZl1/view?usp=drive_link
Bag,Yellow Woven Bag,Vegan Leather,"1,500",https://drive.google.com/file/d/1ANoZ5jtv_SucxaKPbBIO1WF5f5CYHJn-/view?usp=drive_link
Bag,Messenger Bag,Canvas,"1,000",https://drive.google.com/file/d/1R8BIskaomN7k27vqvvzaMpFTO6SoxM4E/view?usp=drive_link
Shoes,White Ribbon Heels,Leather,"2,000",https://drive.google.com/file/d/1h-GUg8h2YRIBfatGu4roKoA5z57__bZR/view?usp=drive_link
Shoes,Lime Casual Platform Sneakers,"Suede, Leather","2,500",https://drive.google.com/file/d/141q8VIXshbXIEvO3_MKrUyVoakI4A5lA/view?usp=drive_link
Shoes,Cream Loafers,Leather,"3,000",https://drive.google.com/file/d/1pyf4Q2zYIsrHbIGYS9C6lF2nyJPaHl73/view?usp=drive_link